{"page": "https://www.alltime.ru/watch/", "name": "Casio A159WA-N1", "price": "\n\t\t\t\t\t\t\t\t\t\t2 750 Р\t\t\t\t\t\t\t\t\t"}
{"page": "https://www.alltime.ru/watch/", "name": "Daniel Wellington DW00100472", "price": "\n\t\t\t\t\t\t\t\t\t\t14 900 Р\t\t\t\t\t\t\t\t\t"}
{"page": "https://www.alltime.ru/watch/", "name": "Seiko SRPJ47", "price": "\n\t\t\t\t\t\t\t\t\t\t48 800 Р\t\t\t\t\t\t\t\t\t"}
{"page": "https://www.alltime.ru/watch/", "name": "Citizen AN3700-62A", "price": "\n\t\t\t\t\t\t\t\t\t\t30 480 Р\t\t\t\t\t\t\t\t\t"}
{"page": "https://www.alltime.ru/watch/", "name": "Слава 2800900/300-2409", "price": "\n\t\t\t\t\t\t\t\t\t\t110 000 Р\t\t\t\t\t\t\t\t\t"}
{"page": "https://www.alltime.ru/watch/", "name": "Invicta IN45980", "price": "\n\t\t\t\t\t\t\t\t\t\t18 100 Р\t\t\t\t\t\t\t\t\t"}
{"page": "https://www.alltime.ru/watch/", "name": "CIGA Design U031-TU02-W6U", "price": "\n\t\t\t\t\t\t\t\t\t\t116 860 Р\t\t\t\t\t\t\t\t\t"}
{"page": "https://www.alltime.ru/watch/", "name": "AISION AN-T02.SS7.B", "price": "\n\t\t\t\t\t\t\t\t\t\t179 400 Р\t\t\t\t\t\t\t\t\t"}
{"page": "https://www.alltime.ru/watch/", "name": "Arbutus AR2404SWB", "price": "\n\t\t\t\t\t\t\t\t\t\t49 550 Р\t\t\t\t\t\t\t\t\t"}
{"page": "https://www.alltime.ru/watch/", "name": "ROMAGO RM107-REB", "price": "\n\t\t\t\t\t\t\t\t\t\t280 000 Р\t\t\t\t\t\t\t\t\t"}
{"page": "https://www.alltime.ru/watch/", "name": "Thomas Sabo WA0371-277-201-33", "price": "\n\t\t\t\t\t\t\t\t\t\t66 390 Р\t\t\t\t\t\t\t\t\t"}
{"page": "https://www.alltime.ru/watch/", "name": "DAVOSA DAV.16145651", "price": "\n\t\t\t\t\t\t\t\t\t\t98 400 Р\t\t\t\t\t\t\t\t\t"}
{"page": "https://www.alltime.ru/watch/", "name": "Mathey-Tissot TYPE1968VE", "price": "\n\t\t\t\t\t\t\t\t\t\t233 300 Р\t\t\t\t\t\t\t\t\t"}
{"page": "https://www.alltime.ru/watch/", "name": "Rodania R27009", "price": "\n\t\t\t\t\t\t\t\t\t\t39 490 Р\t\t\t\t\t\t\t\t\t"}
{"page": "https://www.alltime.ru/watch/", "name": "OLTO-8 V4-1818-L06", "price": "\n\t\t\t\t\t\t\t\t\t\t71 210 Р\t\t\t\t\t\t\t\t\t"}
{"page": "https://www.alltime.ru/watch/", "name": "AGELOCER 9104A6", "price": "\n\t\t\t\t\t\t\t\t\t\t159 990 Р\t\t\t\t\t\t\t\t\t"}
{"page": "https://www.alltime.ru/watch/", "name": "Suunto SS014279010", "price": "\n\t\t\t\t\t\t\t\t\t\t25 500 Р\t\t\t\t\t\t\t\t\t"}
{"page": "https://www.alltime.ru/watch/", "name": "Versace VE6F00623", "price": "\n\t\t\t\t\t\t\t\t\t\t181 190 Р\t\t\t\t\t\t\t\t\t"}
{"page": "https://www.alltime.ru/watch/", "name": "ATOWAK C3-3314-S03", "price": "\n\t\t\t\t\t\t\t\t\t\t359 990 Р\t\t\t\t\t\t\t\t\t"}
{"page": "https://www.alltime.ru/watch/", "name": "Michael Kors MK5606", "price": "\n\t\t\t\t\t\t\t\t\t\t13 070 Р\t\t\t\t\t\t\t\t\t"}
{"page": "https://www.alltime.ru/watch/", "name": "Fossil FS4795IE", "price": "\n\t\t\t\t\t\t\t\t\t\t11 890 Р\t\t\t\t\t\t\t\t\t"}
{"page": "https://www.alltime.ru/watch/", "name": "Emporio Armani AR2448", "price": "\n\t\t\t\t\t\t\t\t\t\t26 570 Р\t\t\t\t\t\t\t\t\t"}
{"page": "https://www.alltime.ru/watch/", "name": "Cuervo y Sobrinos 3144.1NF", "price": "\n\t\t\t\t\t\t\t\t\t\t390 000 Р\t\t\t\t\t\t\t\t\t"}
{"page": "https://www.alltime.ru/watch/", "name": "Calvin Klein 25200282", "price": "\n\t\t\t\t\t\t\t\t\t\t24 690 Р\t\t\t\t\t\t\t\t\t"}
{"page": "https://www.alltime.ru/watch/", "name": "Olivia Burton OB16RB21", "price": "\n\t\t\t\t\t\t\t\t\t\t9 850 Р\t\t\t\t\t\t\t\t\t"}
{"page": "https://www.alltime.ru/watch/", "name": "Lacoste 2000957", "price": "\n\t\t\t\t\t\t\t\t\t\t14 780 Р\t\t\t\t\t\t\t\t\t"}
{"page": "https://www.alltime.ru/watch/", "name": "Armani Exchange AX4331", "price": "\n\t\t\t\t\t\t\t\t\t\t30 690 Р\t\t\t\t\t\t\t\t\t"}
{"page": "https://www.alltime.ru/watch/", "name": "Swarovski 5416023", "price": "\n\t\t\t\t\t\t\t\t\t\t29 900 Р\t\t\t\t\t\t\t\t\t"}
{"page": "https://www.alltime.ru/watch/", "name": "Stuhrling 3917.1", "price": "\n\t\t\t\t\t\t\t\t\t\t23 990 Р\t\t\t\t\t\t\t\t\t"}
{"page": "https://www.alltime.ru/watch/", "name": "ROCHAS RP2L029M0041", "price": "\n\t\t\t\t\t\t\t\t\t\t29 990 Р\t\t\t\t\t\t\t\t\t"}
{"page": "https://www.alltime.ru/watch/", "name": "Ducati DTWGN0000506", "price": "\n\t\t\t\t\t\t\t\t\t\t12 500 Р\t\t\t\t\t\t\t\t\t"}
{"page": "https://www.alltime.ru/watch/", "name": "Boccia Titanium 3667-02", "price": "\n\t\t\t\t\t\t\t\t\t\t21 290 Р\t\t\t\t\t\t\t\t\t"}
{"page": "https://www.alltime.ru/watch/", "name": "D1 Milano UTBJ33", "price": "\n\t\t\t\t\t\t\t\t\t\t31 620 Р\t\t\t\t\t\t\t\t\t"}
{"page": "https://www.alltime.ru/watch/", "name": "Diesel DZ4658", "price": "\n\t\t\t\t\t\t\t\t\t\t23 840 Р\t\t\t\t\t\t\t\t\t"}
{"page": "https://www.alltime.ru/watch/", "name": "Casio Pro Trek PRW-61SS-2", "price": "\n\t\t\t\t\t\t\t\t\t\t79 990 Р\t\t\t\t\t\t\t\t\t"}
{"page": "https://www.alltime.ru/watch/", "name": "LIU JO TLJ2190", "price": "\n\t\t\t\t\t\t\t\t\t\t16 770 Р\t\t\t\t\t\t\t\t\t"}
{"page": "https://www.alltime.ru/watch/", "name": "Titoni 83751-S-629", "price": "\n\t\t\t\t\t\t\t\t\t\t157 200 Р\t\t\t\t\t\t\t\t\t"}
{"page": "https://www.alltime.ru/watch/", "name": "Traser TR_109040", "price": "\n\t\t\t\t\t\t\t\t\t\t38 100 Р\t\t\t\t\t\t\t\t\t"}
{"page": "https://www.alltime.ru/watch/", "name": "Orient AG03002B", "price": "\n\t\t\t\t\t\t\t\t\t\t45 990 Р\t\t\t\t\t\t\t\t\t"}
{"page": "https://www.alltime.ru/watch/", "name": "Casio TRN-50ZE-1A", "price": "\n\t\t\t\t\t\t\t\t\t\t79 510 Р\t\t\t\t\t\t\t\t\t"}
{"page": "https://www.alltime.ru/watch/", "name": "Vivienne Westwood VV251RRGD", "price": "\n\t\t\t\t\t\t\t\t\t\t49 790 Р\t\t\t\t\t\t\t\t\t"}
{"page": "https://www.alltime.ru/watch/", "name": "Continental 23501-LD101040", "price": "\n\t\t\t\t\t\t\t\t\t\t39 700 Р\t\t\t\t\t\t\t\t\t"}
{"page": "https://www.alltime.ru/watch/", "name": "Hugo Boss HB1502692", "price": "\n\t\t\t\t\t\t\t\t\t\t28 790 Р\t\t\t\t\t\t\t\t\t"}
{"page": "https://www.alltime.ru/watch/", "name": "Bauhaus 21124_b", "price": "\n\t\t\t\t\t\t\t\t\t\t39 490 Р\t\t\t\t\t\t\t\t\t"}
{"page": "https://www.alltime.ru/watch/", "name": "COACH 14504275", "price": "\n\t\t\t\t\t\t\t\t\t\t47 390 Р\t\t\t\t\t\t\t\t\t"}
{"page": "https://www.alltime.ru/watch/", "name": "Garmin 010-02904-21", "price": "\n\t\t\t\t\t\t\t\t\t\t163 590 Р\t\t\t\t\t\t\t\t\t"}
{"page": "https://www.alltime.ru/watch/", "name": "Santa Barbara Polo & Racquet Club SB.1.10554-4", "price": "\n\t\t\t\t\t\t\t\t\t\t11 720 Р\t\t\t\t\t\t\t\t\t"}
{"page": "https://www.alltime.ru/watch/", "name": "NIKA 1010.0.9.56A", "price": "\n\t\t\t\t\t\t\t\t\t\t42 370 Р\t\t\t\t\t\t\t\t\t"}
{"page": "https://www.alltime.ru/watch/", "name": "Sergio Tacchini ST.1.10309-1", "price": "\n\t\t\t\t\t\t\t\t\t\t9 960 Р\t\t\t\t\t\t\t\t\t"}
{"page": "https://www.alltime.ru/watch/", "name": "IDEAL KNIGHT IK6805-24", "price": "\n\t\t\t\t\t\t\t\t\t\t310 000 Р\t\t\t\t\t\t\t\t\t"}
{"page": "https://www.alltime.ru/watch/", "name": "Roccobarocco RB.3802M-04", "price": "\n\t\t\t\t\t\t\t\t\t\t23 890 Р\t\t\t\t\t\t\t\t\t"}
{"page": "https://www.alltime.ru/watch/", "name": "Seiko SSG019", "price": "\n\t\t\t\t\t\t\t\t\t\t100 200 Р\t\t\t\t\t\t\t\t\t"}
{"page": "https://www.alltime.ru/watch/", "name": "Zeppelin ZEP-76565", "price": "\n\t\t\t\t\t\t\t\t\t\t36 420 Р\t\t\t\t\t\t\t\t\t"}
{"page": "https://www.alltime.ru/watch/", "name": "Louis XVI Le-Monarque-1215", "price": "\n\t\t\t\t\t\t\t\t\t\t94 000 Р\t\t\t\t\t\t\t\t\t"}
{"page": "https://www.alltime.ru/watch/", "name": "Casio G-SHOCK MRG-B2100D-1A", "price": "\n\t\t\t\t\t\t\t\t\t\t649 990 Р\t\t\t\t\t\t\t\t\t"}
{"page": "https://www.alltime.ru/watch/", "name": "Tommy Hilfiger 1791788", "price": "\n\t\t\t\t\t\t\t\t\t\t16 990 Р\t\t\t\t\t\t\t\t\t"}
{"page": "https://www.alltime.ru/watch/", "name": "Guess GW0464L1", "price": "\n\t\t\t\t\t\t\t\t\t\t28 200 Р\t\t\t\t\t\t\t\t\t"}
{"page": "https://www.alltime.ru/watch/", "name": "Korloff 04WA2170005", "price": "\n\t\t\t\t\t\t\t\t\t\t247 700 Р\t\t\t\t\t\t\t\t\t"}
{"page": "https://www.alltime.ru/watch/", "name": "UNDONE URB-CND-SKL3A", "price": "\n\t\t\t\t\t\t\t\t\t\t54 590 Р\t\t\t\t\t\t\t\t\t"}
{"page": "https://www.alltime.ru/watch/", "name": "Daniel Klein DK.1.13871-6", "price": "\n\t\t\t\t\t\t\t\t\t\t5 940 Р\t\t\t\t\t\t\t\t\t"}
